card_id,card_label,category_id,category_label,user_id
1,예약 송금,1,송금,8f12e3fe-7fc2-40c9-8703-c5ea21aa91d0
2,송금,1,송금,8f12e3fe-7fc2-40c9-8703-c5ea21aa91d0
3,송금 내역,1,송금,8f12e3fe-7fc2-40c9-8703-c5ea21aa91d0
4,페이상품권 선물,1,송금,8f12e3fe-7fc2-40c9-8703-c5ea21aa91d0
5,공지사항,2,고객지원,8f12e3fe-7fc2-40c9-8703-c5ea21aa91d0
6,판매자 문의,2,고객지원,8f12e3fe-7fc2-40c9-8703-c5ea21aa91d0
7,고객센터,2,고객지원,8f12e3fe-7fc2-40c9-8703-c5ea21aa91d0
8,머니 통장,3,포인트·머니,8f12e3fe-7fc2-40c9-8703-c5ea21aa91d0
9,포인트 내역,3,포인트·머니,8f12e3fe-7fc2-40c9-8703-c5ea21aa91d0
10,머니 내역,3,포인트·머니,8f12e3fe-7fc2-40c9-8703-c5ea21aa91d0
11,포인트 전환,3,포인트·머니,8f12e3fe-7fc2-40c9-8703-c5ea21aa91d0
12,포인트 선물,3,포인트·머니,8f12e3fe-7fc2-40c9-8703-c5ea21aa91d0
13,머니스토리,3,포인트·머니,8f12e3fe-7fc2-40c9-8703-c5ea21aa91d0
14,Npay 머니카드,3,포인트·머니,8f12e3fe-7fc2-40c9-8703-c5ea21aa91d0
15,기업 복지,4,사업자,8f12e3fe-7fc2-40c9-8703-c5ea21aa91d0
16,사업자 대출,4,사업자,8f12e3fe-7fc2-40c9-8703-c5ea21aa91d0
17,판매·정산내역,4,사업자,8f12e3fe-7fc2-40c9-8703-c5ea21aa91d0
18,전월세대출비교,5,대출,8f12e3fe-7fc2-40c9-8703-c5ea21aa91d0
19,신용대출비교,5,대출,8f12e3fe-7fc2-40c9-8703-c5ea21aa91d0
20,주택담보대출비교,5,대출,8f12e3fe-7fc2-40c9-8703-c5ea21aa91d0
21,신용점수,5,대출,8f12e3fe-7fc2-40c9-8703-c5ea21aa91d0
22,MY 대출,5,대출,8f12e3fe-7fc2-40c9-8703-c5ea21aa91d0
23,결제혜택,6,결제,8f12e3fe-7fc2-40c9-8703-c5ea21aa91d0
24,패밀리결제,6,결제,8f12e3fe-7fc2-40c9-8703-c5ea21aa91d0
25,Npay biz,6,결제,8f12e3fe-7fc2-40c9-8703-c5ea21aa91d0
26,현장결제,6,결제,8f12e3fe-7fc2-40c9-8703-c5ea21aa91d0
27,QR촬영 결제,6,결제,8f12e3fe-7fc2-40c9-8703-c5ea21aa91d0
28,쿠폰,6,결제,8f12e3fe-7fc2-40c9-8703-c5ea21aa91d0
29,머니 충전,6,결제,8f12e3fe-7fc2-40c9-8703-c5ea21aa91d0
30,적금 통장 비교,7,예적금,8f12e3fe-7fc2-40c9-8703-c5ea21aa91d0
31,파킹 통장 비교,7,예적금,8f12e3fe-7fc2-40c9-8703-c5ea21aa91d0
32,예금 통장 비교,7,예적금,8f12e3fe-7fc2-40c9-8703-c5ea21aa91d0
33,내 환급금 찾기,8,자산 관리,8f12e3fe-7fc2-40c9-8703-c5ea21aa91d0
34,장기 미사용 계좌,8,자산 관리,8f12e3fe-7fc2-40c9-8703-c5ea21aa91d0
35,내 자산 조회,8,자산 관리,8f12e3fe-7fc2-40c9-8703-c5ea21aa91d0
36,수입·지출 관리,8,자산 관리,8f12e3fe-7fc2-40c9-8703-c5ea21aa91d0
37,후불결제,9,편의,8f12e3fe-7fc2-40c9-8703-c5ea21aa91d0
38,오토·여행케어,9,편의,8f12e3fe-7fc2-40c9-8703-c5ea21aa91d0
39,Npay 제휴카드 내역,9,편의,8f12e3fe-7fc2-40c9-8703-c5ea21aa91d0
40,선물함,9,편의,8f12e3fe-7fc2-40c9-8703-c5ea21aa91d0
41,MY 계좌,9,편의,8f12e3fe-7fc2-40c9-8703-c5ea21aa91d0
42,연말정산 모의계산,9,편의,8f12e3fe-7fc2-40c9-8703-c5ea21aa91d0
43,브랜드 뽑기,9,편의,8f12e3fe-7fc2-40c9-8703-c5ea21aa91d0
44,미래에셋 네이버통장,9,편의,8f12e3fe-7fc2-40c9-8703-c5ea21aa91d0
45,Npay 제휴카드,9,편의,8f12e3fe-7fc2-40c9-8703-c5ea21aa91d0
46,바코드 충전,9,편의,8f12e3fe-7fc2-40c9-8703-c5ea21aa91d0
47,우리집,10,부동산,8f12e3fe-7fc2-40c9-8703-c5ea21aa91d0
48,전세반환보증,10,부동산,8f12e3fe-7fc2-40c9-8703-c5ea21aa91d0
49,분양정보,10,부동산,8f12e3fe-7fc2-40c9-8703-c5ea21aa91d0
50,대한항공 마일지리 적립,10,부동산,8f12e3fe-7fc2-40c9-8703-c5ea21aa91d0
51,지도로 매물찾기,10,부동산,8f12e3fe-7fc2-40c9-8703-c5ea21aa91d0
52,자동차 금융,11,보험,8f12e3fe-7fc2-40c9-8703-c5ea21aa91d0
53,보험 고민상담소,11,보험,8f12e3fe-7fc2-40c9-8703-c5ea21aa91d0
54,MY CAR,11,보험,8f12e3fe-7fc2-40c9-8703-c5ea21aa91d0
55,보험금 청구,11,보험,8f12e3fe-7fc2-40c9-8703-c5ea21aa91d0
56,MY 보험,11,보험,8f12e3fe-7fc2-40c9-8703-c5ea21aa91d0
57,펫보험비교,11,보험,8f12e3fe-7fc2-40c9-8703-c5ea21aa91d0
58,해외여행보험비교,11,보험,8f12e3fe-7fc2-40c9-8703-c5ea21aa91d0
59,자동차보험비교,11,보험,8f12e3fe-7fc2-40c9-8703-c5ea21aa91d0
60,저축보험비교,11,보험,8f12e3fe-7fc2-40c9-8703-c5ea21aa91d0
61,사업자 보험,11,보험,8f12e3fe-7fc2-40c9-8703-c5ea21aa91d0
62,빠른정산,12,카드,8f12e3fe-7fc2-40c9-8703-c5ea21aa91d0
63,카드 한도조회,12,카드,8f12e3fe-7fc2-40c9-8703-c5ea21aa91d0
64,MY 카드,12,카드,8f12e3fe-7fc2-40c9-8703-c5ea21aa91d0
65,결제 내역,12,카드,8f12e3fe-7fc2-40c9-8703-c5ea21aa91d0
66,카드 이벤트,12,카드,8f12e3fe-7fc2-40c9-8703-c5ea21aa91d0
67,민생회복 소비쿠폰,12,카드,8f12e3fe-7fc2-40c9-8703-c5ea21aa91d0
68,카드 발급,12,카드,8f12e3fe-7fc2-40c9-8703-c5ea21aa91d0
69,멤버십카드 추가,12,카드,8f12e3fe-7fc2-40c9-8703-c5ea21aa91d0
70,정책지원금,12,카드,8f12e3fe-7fc2-40c9-8703-c5ea21aa91d0
71,가상자산,13,증권,8f12e3fe-7fc2-40c9-8703-c5ea21aa91d0
72,해외주식,13,증권,8f12e3fe-7fc2-40c9-8703-c5ea21aa91d0
73,MY 연금·IRP,13,증권,8f12e3fe-7fc2-40c9-8703-c5ea21aa91d0
74,내 종목,13,증권,8f12e3fe-7fc2-40c9-8703-c5ea21aa91d0
75,CMA 통장 비교,13,증권,8f12e3fe-7fc2-40c9-8703-c5ea21aa91d0
76,국내주식,13,증권,8f12e3fe-7fc2-40c9-8703-c5ea21aa91d0
39,Npay 제휴카드 내역,12,카드,3a6a1cb2-cf7c-4e89-ac43-8e8317db6fd1
29,머니 충전,12,카드,3a6a1cb2-cf7c-4e89-ac43-8e8317db6fd1
69,멤버십카드 추가,12,카드,3a6a1cb2-cf7c-4e89-ac43-8e8317db6fd1
68,카드 발급,12,카드,3a6a1cb2-cf7c-4e89-ac43-8e8317db6fd1
14,Npay 머니카드,12,카드,3a6a1cb2-cf7c-4e89-ac43-8e8317db6fd1
66,카드 이벤트,12,카드,3a6a1cb2-cf7c-4e89-ac43-8e8317db6fd1
45,Npay 제휴카드,12,카드,3a6a1cb2-cf7c-4e89-ac43-8e8317db6fd1
64,MY 카드,12,카드,3a6a1cb2-cf7c-4e89-ac43-8e8317db6fd1
63,카드 한도조회,12,카드,3a6a1cb2-cf7c-4e89-ac43-8e8317db6fd1
23,결제혜택,6,결제,3a6a1cb2-cf7c-4e89-ac43-8e8317db6fd1
24,패밀리결제,6,결제,3a6a1cb2-cf7c-4e89-ac43-8e8317db6fd1
26,현장결제,6,결제,3a6a1cb2-cf7c-4e89-ac43-8e8317db6fd1
37,후불결제,6,결제,3a6a1cb2-cf7c-4e89-ac43-8e8317db6fd1
27,QR촬영 결제,6,결제,3a6a1cb2-cf7c-4e89-ac43-8e8317db6fd1
19,신용대출비교,5,대출,3a6a1cb2-cf7c-4e89-ac43-8e8317db6fd1
48,전세반환보증,5,대출,3a6a1cb2-cf7c-4e89-ac43-8e8317db6fd1
20,주택담보대출비교,5,대출,3a6a1cb2-cf7c-4e89-ac43-8e8317db6fd1
18,전월세대출비교,5,대출,3a6a1cb2-cf7c-4e89-ac43-8e8317db6fd1
22,MY 대출,5,대출,3a6a1cb2-cf7c-4e89-ac43-8e8317db6fd1
33,내 환급금 찾기,2,고객지원,3a6a1cb2-cf7c-4e89-ac43-8e8317db6fd1
70,정책지원금,2,고객지원,3a6a1cb2-cf7c-4e89-ac43-8e8317db6fd1
53,보험 고민상담소,2,고객지원,3a6a1cb2-cf7c-4e89-ac43-8e8317db6fd1
67,민생회복 소비쿠폰,2,고객지원,3a6a1cb2-cf7c-4e89-ac43-8e8317db6fd1
7,고객센터,2,고객지원,3a6a1cb2-cf7c-4e89-ac43-8e8317db6fd1
6,판매자 문의,2,고객지원,3a6a1cb2-cf7c-4e89-ac43-8e8317db6fd1
5,공지사항,2,고객지원,3a6a1cb2-cf7c-4e89-ac43-8e8317db6fd1
52,자동차 금융,8,자산 관리,3a6a1cb2-cf7c-4e89-ac43-8e8317db6fd1
36,수입·지출 관리,8,자산 관리,3a6a1cb2-cf7c-4e89-ac43-8e8317db6fd1
41,MY 계좌,8,자산 관리,3a6a1cb2-cf7c-4e89-ac43-8e8317db6fd1
73,MY 연금·IRP,8,자산 관리,3a6a1cb2-cf7c-4e89-ac43-8e8317db6fd1
47,우리집,8,자산 관리,3a6a1cb2-cf7c-4e89-ac43-8e8317db6fd1
54,MY CAR,8,자산 관리,3a6a1cb2-cf7c-4e89-ac43-8e8317db6fd1
42,연말정산 모의계산,8,자산 관리,3a6a1cb2-cf7c-4e89-ac43-8e8317db6fd1
71,가상자산,8,자산 관리,3a6a1cb2-cf7c-4e89-ac43-8e8317db6fd1
31,파킹 통장 비교,8,자산 관리,3a6a1cb2-cf7c-4e89-ac43-8e8317db6fd1
35,내 자산 조회,8,자산 관리,3a6a1cb2-cf7c-4e89-ac43-8e8317db6fd1
74,내 종목,8,자산 관리,3a6a1cb2-cf7c-4e89-ac43-8e8317db6fd1
32,예금 통장 비교,7,예적금,3a6a1cb2-cf7c-4e89-ac43-8e8317db6fd1
34,장기 미사용 계좌,7,예적금,3a6a1cb2-cf7c-4e89-ac43-8e8317db6fd1
75,CMA 통장 비교,7,예적금,3a6a1cb2-cf7c-4e89-ac43-8e8317db6fd1
30,적금 통장 비교,7,예적금,3a6a1cb2-cf7c-4e89-ac43-8e8317db6fd1
65,결제 내역,1,송금,3a6a1cb2-cf7c-4e89-ac43-8e8317db6fd1
2,송금,1,송금,3a6a1cb2-cf7c-4e89-ac43-8e8317db6fd1
1,예약 송금,1,송금,3a6a1cb2-cf7c-4e89-ac43-8e8317db6fd1
3,송금 내역,1,송금,3a6a1cb2-cf7c-4e89-ac43-8e8317db6fd1
62,빠른정산,1,송금,3a6a1cb2-cf7c-4e89-ac43-8e8317db6fd1
44,미래에셋 네이버통장,4,사업자,3a6a1cb2-cf7c-4e89-ac43-8e8317db6fd1
15,기업 복지,4,사업자,3a6a1cb2-cf7c-4e89-ac43-8e8317db6fd1
61,사업자 보험,4,사업자,3a6a1cb2-cf7c-4e89-ac43-8e8317db6fd1
17,판매·정산내역,4,사업자,3a6a1cb2-cf7c-4e89-ac43-8e8317db6fd1
16,사업자 대출,4,사업자,3a6a1cb2-cf7c-4e89-ac43-8e8317db6fd1
72,해외주식,13,증권,3a6a1cb2-cf7c-4e89-ac43-8e8317db6fd1
76,국내주식,13,증권,3a6a1cb2-cf7c-4e89-ac43-8e8317db6fd1
43,브랜드 뽑기,14,선물,3a6a1cb2-cf7c-4e89-ac43-8e8317db6fd1
4,페이상품권 선물,14,선물,3a6a1cb2-cf7c-4e89-ac43-8e8317db6fd1
40,선물함,14,선물,3a6a1cb2-cf7c-4e89-ac43-8e8317db6fd1
25,Npay biz,9,편의,3a6a1cb2-cf7c-4e89-ac43-8e8317db6fd1
38,오토·여행케어,9,편의,3a6a1cb2-cf7c-4e89-ac43-8e8317db6fd1
46,바코드 충전,9,편의,3a6a1cb2-cf7c-4e89-ac43-8e8317db6fd1
8,머니 통장,3,포인트·머니,3a6a1cb2-cf7c-4e89-ac43-8e8317db6fd1
13,머니스토리,3,포인트·머니,3a6a1cb2-cf7c-4e89-ac43-8e8317db6fd1
10,머니 내역,3,포인트·머니,3a6a1cb2-cf7c-4e89-ac43-8e8317db6fd1
28,쿠폰,3,포인트·머니,3a6a1cb2-cf7c-4e89-ac43-8e8317db6fd1
21,신용점수,3,포인트·머니,3a6a1cb2-cf7c-4e89-ac43-8e8317db6fd1
11,포인트 전환,3,포인트·머니,3a6a1cb2-cf7c-4e89-ac43-8e8317db6fd1
9,포인트 내역,3,포인트·머니,3a6a1cb2-cf7c-4e89-ac43-8e8317db6fd1
12,포인트 선물,3,포인트·머니,3a6a1cb2-cf7c-4e89-ac43-8e8317db6fd1
50,대한항공 마일지리 적립,3,포인트·머니,3a6a1cb2-cf7c-4e89-ac43-8e8317db6fd1
60,저축보험비교,11,보험,3a6a1cb2-cf7c-4e89-ac43-8e8317db6fd1
58,해외여행보험비교,11,보험,3a6a1cb2-cf7c-4e89-ac43-8e8317db6fd1
59,자동차보험비교,11,보험,3a6a1cb2-cf7c-4e89-ac43-8e8317db6fd1
57,펫보험비교,11,보험,3a6a1cb2-cf7c-4e89-ac43-8e8317db6fd1
56,MY 보험,11,보험,3a6a1cb2-cf7c-4e89-ac43-8e8317db6fd1
55,보험금 청구,11,보험,3a6a1cb2-cf7c-4e89-ac43-8e8317db6fd1
51,지도로 매물찾기,10,부동산,3a6a1cb2-cf7c-4e89-ac43-8e8317db6fd1
49,분양정보,10,부동산,3a6a1cb2-cf7c-4e89-ac43-8e8317db6fd1
2,송금,1,송금,851695c1-b460-4fab-beac-c0431e9c7bb3
1,예약 송금,1,송금,851695c1-b460-4fab-beac-c0431e9c7bb3
3,송금 내역,1,송금,851695c1-b460-4fab-beac-c0431e9c7bb3
16,사업자 대출,4,사업자,851695c1-b460-4fab-beac-c0431e9c7bb3
17,판매·정산내역,4,사업자,851695c1-b460-4fab-beac-c0431e9c7bb3
25,Npay biz,4,사업자,851695c1-b460-4fab-beac-c0431e9c7bb3
15,기업 복지,4,사업자,851695c1-b460-4fab-beac-c0431e9c7bb3
62,빠른정산,4,사업자,851695c1-b460-4fab-beac-c0431e9c7bb3
51,지도로 매물찾기,10,부동산,851695c1-b460-4fab-beac-c0431e9c7bb3
48,전세반환보증,10,부동산,851695c1-b460-4fab-beac-c0431e9c7bb3
49,분양정보,10,부동산,851695c1-b460-4fab-beac-c0431e9c7bb3
29,머니 충전,3,포인트·머니,851695c1-b460-4fab-beac-c0431e9c7bb3
10,머니 내역,3,포인트·머니,851695c1-b460-4fab-beac-c0431e9c7bb3
8,머니 통장,3,포인트·머니,851695c1-b460-4fab-beac-c0431e9c7bb3
13,머니스토리,3,포인트·머니,851695c1-b460-4fab-beac-c0431e9c7bb3
11,포인트 전환,3,포인트·머니,851695c1-b460-4fab-beac-c0431e9c7bb3
28,쿠폰,3,포인트·머니,851695c1-b460-4fab-beac-c0431e9c7bb3
50,대한항공 마일지리 적립,3,포인트·머니,851695c1-b460-4fab-beac-c0431e9c7bb3
38,오토·여행케어,9,편의,851695c1-b460-4fab-beac-c0431e9c7bb3
42,연말정산 모의계산,9,편의,851695c1-b460-4fab-beac-c0431e9c7bb3
43,브랜드 뽑기,9,편의,851695c1-b460-4fab-beac-c0431e9c7bb3
47,우리집,9,편의,851695c1-b460-4fab-beac-c0431e9c7bb3
46,바코드 충전,9,편의,851695c1-b460-4fab-beac-c0431e9c7bb3
9,포인트 내역,9,편의,851695c1-b460-4fab-beac-c0431e9c7bb3
72,해외주식,13,증권,851695c1-b460-4fab-beac-c0431e9c7bb3
44,미래에셋 네이버통장,13,증권,851695c1-b460-4fab-beac-c0431e9c7bb3
74,내 종목,13,증권,851695c1-b460-4fab-beac-c0431e9c7bb3
75,CMA 통장 비교,13,증권,851695c1-b460-4fab-beac-c0431e9c7bb3
76,국내주식,13,증권,851695c1-b460-4fab-beac-c0431e9c7bb3
57,펫보험비교,8,자산 관리,851695c1-b460-4fab-beac-c0431e9c7bb3
59,자동차보험비교,8,자산 관리,851695c1-b460-4fab-beac-c0431e9c7bb3
71,가상자산,8,자산 관리,851695c1-b460-4fab-beac-c0431e9c7bb3
52,자동차 금융,8,자산 관리,851695c1-b460-4fab-beac-c0431e9c7bb3
35,내 자산 조회,8,자산 관리,851695c1-b460-4fab-beac-c0431e9c7bb3
54,MY CAR,8,자산 관리,851695c1-b460-4fab-beac-c0431e9c7bb3
41,MY 계좌,8,자산 관리,851695c1-b460-4fab-beac-c0431e9c7bb3
31,파킹 통장 비교,8,자산 관리,851695c1-b460-4fab-beac-c0431e9c7bb3
34,장기 미사용 계좌,8,자산 관리,851695c1-b460-4fab-beac-c0431e9c7bb3
18,전월세대출비교,5,대출,851695c1-b460-4fab-beac-c0431e9c7bb3
19,신용대출비교,5,대출,851695c1-b460-4fab-beac-c0431e9c7bb3
20,주택담보대출비교,5,대출,851695c1-b460-4fab-beac-c0431e9c7bb3
22,MY 대출,5,대출,851695c1-b460-4fab-beac-c0431e9c7bb3
21,신용점수,5,대출,851695c1-b460-4fab-beac-c0431e9c7bb3
63,카드 한도조회,12,카드,851695c1-b460-4fab-beac-c0431e9c7bb3
68,카드 발급,12,카드,851695c1-b460-4fab-beac-c0431e9c7bb3
36,수입·지출 관리,12,카드,851695c1-b460-4fab-beac-c0431e9c7bb3
64,MY 카드,12,카드,851695c1-b460-4fab-beac-c0431e9c7bb3
66,카드 이벤트,12,카드,851695c1-b460-4fab-beac-c0431e9c7bb3
14,Npay 머니카드,12,카드,851695c1-b460-4fab-beac-c0431e9c7bb3
39,Npay 제휴카드 내역,12,카드,851695c1-b460-4fab-beac-c0431e9c7bb3
69,멤버십카드 추가,12,카드,851695c1-b460-4fab-beac-c0431e9c7bb3
45,Npay 제휴카드,12,카드,851695c1-b460-4fab-beac-c0431e9c7bb3
70,정책지원금,2,고객지원,851695c1-b460-4fab-beac-c0431e9c7bb3
7,고객센터,2,고객지원,851695c1-b460-4fab-beac-c0431e9c7bb3
6,판매자 문의,2,고객지원,851695c1-b460-4fab-beac-c0431e9c7bb3
33,내 환급금 찾기,2,고객지원,851695c1-b460-4fab-beac-c0431e9c7bb3
67,민생회복 소비쿠폰,2,고객지원,851695c1-b460-4fab-beac-c0431e9c7bb3
5,공지사항,2,고객지원,851695c1-b460-4fab-beac-c0431e9c7bb3
40,선물함,14,선물,851695c1-b460-4fab-beac-c0431e9c7bb3
12,포인트 선물,14,선물,851695c1-b460-4fab-beac-c0431e9c7bb3
4,페이상품권 선물,14,선물,851695c1-b460-4fab-beac-c0431e9c7bb3
73,MY 연금·IRP,7,예적금,851695c1-b460-4fab-beac-c0431e9c7bb3
30,적금 통장 비교,7,예적금,851695c1-b460-4fab-beac-c0431e9c7bb3
32,예금 통장 비교,7,예적금,851695c1-b460-4fab-beac-c0431e9c7bb3
56,MY 보험,11,보험,851695c1-b460-4fab-beac-c0431e9c7bb3
53,보험 고민상담소,11,보험,851695c1-b460-4fab-beac-c0431e9c7bb3
58,해외여행보험비교,11,보험,851695c1-b460-4fab-beac-c0431e9c7bb3
55,보험금 청구,11,보험,851695c1-b460-4fab-beac-c0431e9c7bb3
60,저축보험비교,11,보험,851695c1-b460-4fab-beac-c0431e9c7bb3
61,사업자 보험,11,보험,851695c1-b460-4fab-beac-c0431e9c7bb3
24,패밀리결제,6,결제,851695c1-b460-4fab-beac-c0431e9c7bb3
23,결제혜택,6,결제,851695c1-b460-4fab-beac-c0431e9c7bb3
65,결제 내역,6,결제,851695c1-b460-4fab-beac-c0431e9c7bb3
26,현장결제,6,결제,851695c1-b460-4fab-beac-c0431e9c7bb3
27,QR촬영 결제,6,결제,851695c1-b460-4fab-beac-c0431e9c7bb3
37,후불결제,6,결제,851695c1-b460-4fab-beac-c0431e9c7bb3
53,보험 고민상담소,11,보험,eac0ea13-6e2d-4918-a164-97fd12a96641
57,펫보험비교,11,보험,eac0ea13-6e2d-4918-a164-97fd12a96641
59,자동차보험비교,11,보험,eac0ea13-6e2d-4918-a164-97fd12a96641
58,해외여행보험비교,11,보험,eac0ea13-6e2d-4918-a164-97fd12a96641
55,보험금 청구,11,보험,eac0ea13-6e2d-4918-a164-97fd12a96641
60,저축보험비교,11,보험,eac0ea13-6e2d-4918-a164-97fd12a96641
38,오토·여행케어,11,보험,eac0ea13-6e2d-4918-a164-97fd12a96641
2,송금,1,송금,eac0ea13-6e2d-4918-a164-97fd12a96641
1,예약 송금,1,송금,eac0ea13-6e2d-4918-a164-97fd12a96641
3,송금 내역,1,송금,eac0ea13-6e2d-4918-a164-97fd12a96641
31,파킹 통장 비교,7,예적금,eac0ea13-6e2d-4918-a164-97fd12a96641
32,예금 통장 비교,7,예적금,eac0ea13-6e2d-4918-a164-97fd12a96641
30,적금 통장 비교,7,예적금,eac0ea13-6e2d-4918-a164-97fd12a96641
34,장기 미사용 계좌,7,예적금,eac0ea13-6e2d-4918-a164-97fd12a96641
44,미래에셋 네이버통장,7,예적금,eac0ea13-6e2d-4918-a164-97fd12a96641
69,멤버십카드 추가,12,카드,eac0ea13-6e2d-4918-a164-97fd12a96641
14,Npay 머니카드,12,카드,eac0ea13-6e2d-4918-a164-97fd12a96641
63,카드 한도조회,12,카드,eac0ea13-6e2d-4918-a164-97fd12a96641
68,카드 발급,12,카드,eac0ea13-6e2d-4918-a164-97fd12a96641
45,Npay 제휴카드,12,카드,eac0ea13-6e2d-4918-a164-97fd12a96641
7,고객센터,2,고객지원,eac0ea13-6e2d-4918-a164-97fd12a96641
66,카드 이벤트,2,고객지원,eac0ea13-6e2d-4918-a164-97fd12a96641
5,공지사항,2,고객지원,eac0ea13-6e2d-4918-a164-97fd12a96641
17,판매·정산내역,2,고객지원,eac0ea13-6e2d-4918-a164-97fd12a96641
6,판매자 문의,2,고객지원,eac0ea13-6e2d-4918-a164-97fd12a96641
15,기업 복지,2,고객지원,eac0ea13-6e2d-4918-a164-97fd12a96641
39,Npay 제휴카드 내역,2,고객지원,eac0ea13-6e2d-4918-a164-97fd12a96641
70,정책지원금,2,고객지원,eac0ea13-6e2d-4918-a164-97fd12a96641
54,MY CAR,2,고객지원,eac0ea13-6e2d-4918-a164-97fd12a96641
73,MY 연금·IRP,13,증권,eac0ea13-6e2d-4918-a164-97fd12a96641
74,내 종목,13,증권,eac0ea13-6e2d-4918-a164-97fd12a96641
76,국내주식,13,증권,eac0ea13-6e2d-4918-a164-97fd12a96641
71,가상자산,13,증권,eac0ea13-6e2d-4918-a164-97fd12a96641
72,해외주식,13,증권,eac0ea13-6e2d-4918-a164-97fd12a96641
75,CMA 통장 비교,13,증권,eac0ea13-6e2d-4918-a164-97fd12a96641
40,선물함,14,선물,eac0ea13-6e2d-4918-a164-97fd12a96641
4,페이상품권 선물,14,선물,eac0ea13-6e2d-4918-a164-97fd12a96641
64,MY 카드,8,자산 관리,eac0ea13-6e2d-4918-a164-97fd12a96641
22,MY 대출,8,자산 관리,eac0ea13-6e2d-4918-a164-97fd12a96641
56,MY 보험,8,자산 관리,eac0ea13-6e2d-4918-a164-97fd12a96641
21,신용점수,8,자산 관리,eac0ea13-6e2d-4918-a164-97fd12a96641
41,MY 계좌,8,자산 관리,eac0ea13-6e2d-4918-a164-97fd12a96641
35,내 자산 조회,8,자산 관리,eac0ea13-6e2d-4918-a164-97fd12a96641
12,포인트 선물,3,포인트·머니,eac0ea13-6e2d-4918-a164-97fd12a96641
29,머니 충전,3,포인트·머니,eac0ea13-6e2d-4918-a164-97fd12a96641
13,머니스토리,3,포인트·머니,eac0ea13-6e2d-4918-a164-97fd12a96641
8,머니 통장,3,포인트·머니,eac0ea13-6e2d-4918-a164-97fd12a96641
11,포인트 전환,3,포인트·머니,eac0ea13-6e2d-4918-a164-97fd12a96641
46,바코드 충전,3,포인트·머니,eac0ea13-6e2d-4918-a164-97fd12a96641
50,대한항공 마일지리 적립,3,포인트·머니,eac0ea13-6e2d-4918-a164-97fd12a96641
28,쿠폰,3,포인트·머니,eac0ea13-6e2d-4918-a164-97fd12a96641
9,포인트 내역,3,포인트·머니,eac0ea13-6e2d-4918-a164-97fd12a96641
25,Npay biz,3,포인트·머니,eac0ea13-6e2d-4918-a164-97fd12a96641
10,머니 내역,3,포인트·머니,eac0ea13-6e2d-4918-a164-97fd12a96641
62,빠른정산,9,편의,eac0ea13-6e2d-4918-a164-97fd12a96641
36,수입·지출 관리,9,편의,eac0ea13-6e2d-4918-a164-97fd12a96641
43,브랜드 뽑기,9,편의,eac0ea13-6e2d-4918-a164-97fd12a96641
65,결제 내역,9,편의,eac0ea13-6e2d-4918-a164-97fd12a96641
67,민생회복 소비쿠폰,9,편의,eac0ea13-6e2d-4918-a164-97fd12a96641
33,내 환급금 찾기,9,편의,eac0ea13-6e2d-4918-a164-97fd12a96641
52,자동차 금융,9,편의,eac0ea13-6e2d-4918-a164-97fd12a96641
42,연말정산 모의계산,9,편의,eac0ea13-6e2d-4918-a164-97fd12a96641
16,사업자 대출,4,사업자,eac0ea13-6e2d-4918-a164-97fd12a96641
61,사업자 보험,4,사업자,eac0ea13-6e2d-4918-a164-97fd12a96641
49,분양정보,10,부동산,eac0ea13-6e2d-4918-a164-97fd12a96641
47,우리집,10,부동산,eac0ea13-6e2d-4918-a164-97fd12a96641
48,전세반환보증,10,부동산,eac0ea13-6e2d-4918-a164-97fd12a96641
51,지도로 매물찾기,10,부동산,eac0ea13-6e2d-4918-a164-97fd12a96641
18,전월세대출비교,10,부동산,eac0ea13-6e2d-4918-a164-97fd12a96641
23,결제혜택,6,결제,eac0ea13-6e2d-4918-a164-97fd12a96641
27,QR촬영 결제,6,결제,eac0ea13-6e2d-4918-a164-97fd12a96641
24,패밀리결제,6,결제,eac0ea13-6e2d-4918-a164-97fd12a96641
37,후불결제,6,결제,eac0ea13-6e2d-4918-a164-97fd12a96641
26,현장결제,6,결제,eac0ea13-6e2d-4918-a164-97fd12a96641
19,신용대출비교,5,대출,eac0ea13-6e2d-4918-a164-97fd12a96641
20,주택담보대출비교,5,대출,eac0ea13-6e2d-4918-a164-97fd12a96641
40,선물함,14,선물,8be8d721-b084-485b-9be9-864d62b5d3b9
4,페이상품권 선물,14,선물,8be8d721-b084-485b-9be9-864d62b5d3b9
19,신용대출비교,5,대출,8be8d721-b084-485b-9be9-864d62b5d3b9
18,전월세대출비교,5,대출,8be8d721-b084-485b-9be9-864d62b5d3b9
70,정책지원금,5,대출,8be8d721-b084-485b-9be9-864d62b5d3b9
22,MY 대출,5,대출,8be8d721-b084-485b-9be9-864d62b5d3b9
16,사업자 대출,4,사업자,8be8d721-b084-485b-9be9-864d62b5d3b9
17,판매·정산내역,4,사업자,8be8d721-b084-485b-9be9-864d62b5d3b9
61,사업자 보험,4,사업자,8be8d721-b084-485b-9be9-864d62b5d3b9
1,예약 송금,1,송금,8be8d721-b084-485b-9be9-864d62b5d3b9
29,머니 충전,1,송금,8be8d721-b084-485b-9be9-864d62b5d3b9
62,빠른정산,1,송금,8be8d721-b084-485b-9be9-864d62b5d3b9
3,송금 내역,1,송금,8be8d721-b084-485b-9be9-864d62b5d3b9
25,Npay biz,1,송금,8be8d721-b084-485b-9be9-864d62b5d3b9
2,송금,1,송금,8be8d721-b084-485b-9be9-864d62b5d3b9
36,수입·지출 관리,1,송금,8be8d721-b084-485b-9be9-864d62b5d3b9
35,내 자산 조회,1,송금,8be8d721-b084-485b-9be9-864d62b5d3b9
12,포인트 선물,3,포인트·머니,8be8d721-b084-485b-9be9-864d62b5d3b9
11,포인트 전환,3,포인트·머니,8be8d721-b084-485b-9be9-864d62b5d3b9
10,머니 내역,3,포인트·머니,8be8d721-b084-485b-9be9-864d62b5d3b9
9,포인트 내역,3,포인트·머니,8be8d721-b084-485b-9be9-864d62b5d3b9
8,머니 통장,3,포인트·머니,8be8d721-b084-485b-9be9-864d62b5d3b9
45,Npay 제휴카드,12,카드,8be8d721-b084-485b-9be9-864d62b5d3b9
14,Npay 머니카드,12,카드,8be8d721-b084-485b-9be9-864d62b5d3b9
39,Npay 제휴카드 내역,12,카드,8be8d721-b084-485b-9be9-864d62b5d3b9
68,카드 발급,12,카드,8be8d721-b084-485b-9be9-864d62b5d3b9
63,카드 한도조회,12,카드,8be8d721-b084-485b-9be9-864d62b5d3b9
66,카드 이벤트,12,카드,8be8d721-b084-485b-9be9-864d62b5d3b9
64,MY 카드,12,카드,8be8d721-b084-485b-9be9-864d62b5d3b9
69,멤버십카드 추가,12,카드,8be8d721-b084-485b-9be9-864d62b5d3b9
50,대한항공 마일지리 적립,9,편의,8be8d721-b084-485b-9be9-864d62b5d3b9
43,브랜드 뽑기,9,편의,8be8d721-b084-485b-9be9-864d62b5d3b9
67,민생회복 소비쿠폰,9,편의,8be8d721-b084-485b-9be9-864d62b5d3b9
28,쿠폰,9,편의,8be8d721-b084-485b-9be9-864d62b5d3b9
42,연말정산 모의계산,9,편의,8be8d721-b084-485b-9be9-864d62b5d3b9
52,자동차 금융,9,편의,8be8d721-b084-485b-9be9-864d62b5d3b9
38,오토·여행케어,9,편의,8be8d721-b084-485b-9be9-864d62b5d3b9
58,해외여행보험비교,11,보험,8be8d721-b084-485b-9be9-864d62b5d3b9
57,펫보험비교,11,보험,8be8d721-b084-485b-9be9-864d62b5d3b9
53,보험 고민상담소,11,보험,8be8d721-b084-485b-9be9-864d62b5d3b9
55,보험금 청구,11,보험,8be8d721-b084-485b-9be9-864d62b5d3b9
60,저축보험비교,11,보험,8be8d721-b084-485b-9be9-864d62b5d3b9
59,자동차보험비교,11,보험,8be8d721-b084-485b-9be9-864d62b5d3b9
56,MY 보험,11,보험,8be8d721-b084-485b-9be9-864d62b5d3b9
44,미래에셋 네이버통장,7,예적금,8be8d721-b084-485b-9be9-864d62b5d3b9
73,MY 연금·IRP,7,예적금,8be8d721-b084-485b-9be9-864d62b5d3b9
34,장기 미사용 계좌,7,예적금,8be8d721-b084-485b-9be9-864d62b5d3b9
30,적금 통장 비교,7,예적금,8be8d721-b084-485b-9be9-864d62b5d3b9
41,MY 계좌,7,예적금,8be8d721-b084-485b-9be9-864d62b5d3b9
33,내 환급금 찾기,7,예적금,8be8d721-b084-485b-9be9-864d62b5d3b9
75,CMA 통장 비교,7,예적금,8be8d721-b084-485b-9be9-864d62b5d3b9
32,예금 통장 비교,7,예적금,8be8d721-b084-485b-9be9-864d62b5d3b9
48,전세반환보증,10,부동산,8be8d721-b084-485b-9be9-864d62b5d3b9
20,주택담보대출비교,10,부동산,8be8d721-b084-485b-9be9-864d62b5d3b9
51,지도로 매물찾기,10,부동산,8be8d721-b084-485b-9be9-864d62b5d3b9
49,분양정보,10,부동산,8be8d721-b084-485b-9be9-864d62b5d3b9
37,후불결제,6,결제,8be8d721-b084-485b-9be9-864d62b5d3b9
46,바코드 충전,6,결제,8be8d721-b084-485b-9be9-864d62b5d3b9
23,결제혜택,6,결제,8be8d721-b084-485b-9be9-864d62b5d3b9
24,패밀리결제,6,결제,8be8d721-b084-485b-9be9-864d62b5d3b9
65,결제 내역,6,결제,8be8d721-b084-485b-9be9-864d62b5d3b9
26,현장결제,6,결제,8be8d721-b084-485b-9be9-864d62b5d3b9
27,QR촬영 결제,6,결제,8be8d721-b084-485b-9be9-864d62b5d3b9
31,파킹 통장 비교,8,자산 관리,8be8d721-b084-485b-9be9-864d62b5d3b9
71,가상자산,8,자산 관리,8be8d721-b084-485b-9be9-864d62b5d3b9
21,신용점수,8,자산 관리,8be8d721-b084-485b-9be9-864d62b5d3b9
54,MY CAR,8,자산 관리,8be8d721-b084-485b-9be9-864d62b5d3b9
47,우리집,8,자산 관리,8be8d721-b084-485b-9be9-864d62b5d3b9
13,머니스토리,13,증권,8be8d721-b084-485b-9be9-864d62b5d3b9
72,해외주식,13,증권,8be8d721-b084-485b-9be9-864d62b5d3b9
74,내 종목,13,증권,8be8d721-b084-485b-9be9-864d62b5d3b9
76,국내주식,13,증권,8be8d721-b084-485b-9be9-864d62b5d3b9
7,고객센터,2,고객지원,8be8d721-b084-485b-9be9-864d62b5d3b9
15,기업 복지,2,고객지원,8be8d721-b084-485b-9be9-864d62b5d3b9
6,판매자 문의,2,고객지원,8be8d721-b084-485b-9be9-864d62b5d3b9
5,공지사항,2,고객지원,8be8d721-b084-485b-9be9-864d62b5d3b9
42,연말정산 모의계산,2,고객지원,72fc8838-76bb-4bca-b530-a99b7945d96f
38,오토·여행케어,2,고객지원,72fc8838-76bb-4bca-b530-a99b7945d96f
62,빠른정산,2,고객지원,72fc8838-76bb-4bca-b530-a99b7945d96f
6,판매자 문의,2,고객지원,72fc8838-76bb-4bca-b530-a99b7945d96f
25,Npay biz,2,고객지원,72fc8838-76bb-4bca-b530-a99b7945d96f
7,고객센터,2,고객지원,72fc8838-76bb-4bca-b530-a99b7945d96f
5,공지사항,2,고객지원,72fc8838-76bb-4bca-b530-a99b7945d96f
16,사업자 대출,5,대출,72fc8838-76bb-4bca-b530-a99b7945d96f
19,신용대출비교,5,대출,72fc8838-76bb-4bca-b530-a99b7945d96f
22,MY 대출,5,대출,72fc8838-76bb-4bca-b530-a99b7945d96f
67,민생회복 소비쿠폰,12,카드,72fc8838-76bb-4bca-b530-a99b7945d96f
21,신용점수,12,카드,72fc8838-76bb-4bca-b530-a99b7945d96f
68,카드 발급,12,카드,72fc8838-76bb-4bca-b530-a99b7945d96f
66,카드 이벤트,12,카드,72fc8838-76bb-4bca-b530-a99b7945d96f
64,MY 카드,12,카드,72fc8838-76bb-4bca-b530-a99b7945d96f
69,멤버십카드 추가,12,카드,72fc8838-76bb-4bca-b530-a99b7945d96f
45,Npay 제휴카드,12,카드,72fc8838-76bb-4bca-b530-a99b7945d96f
39,Npay 제휴카드 내역,12,카드,72fc8838-76bb-4bca-b530-a99b7945d96f
63,카드 한도조회,12,카드,72fc8838-76bb-4bca-b530-a99b7945d96f
24,패밀리결제,6,결제,72fc8838-76bb-4bca-b530-a99b7945d96f
23,결제혜택,6,결제,72fc8838-76bb-4bca-b530-a99b7945d96f
37,후불결제,6,결제,72fc8838-76bb-4bca-b530-a99b7945d96f
17,판매·정산내역,6,결제,72fc8838-76bb-4bca-b530-a99b7945d96f
9,포인트 내역,6,결제,72fc8838-76bb-4bca-b530-a99b7945d96f
27,QR촬영 결제,6,결제,72fc8838-76bb-4bca-b530-a99b7945d96f
65,결제 내역,6,결제,72fc8838-76bb-4bca-b530-a99b7945d96f
26,현장결제,6,결제,72fc8838-76bb-4bca-b530-a99b7945d96f
46,바코드 충전,6,결제,72fc8838-76bb-4bca-b530-a99b7945d96f
36,수입·지출 관리,6,결제,72fc8838-76bb-4bca-b530-a99b7945d96f
75,CMA 통장 비교,13,증권,72fc8838-76bb-4bca-b530-a99b7945d96f
73,MY 연금·IRP,13,증권,72fc8838-76bb-4bca-b530-a99b7945d96f
34,장기 미사용 계좌,13,증권,72fc8838-76bb-4bca-b530-a99b7945d96f
56,MY 보험,11,보험,72fc8838-76bb-4bca-b530-a99b7945d96f
60,저축보험비교,11,보험,72fc8838-76bb-4bca-b530-a99b7945d96f
58,해외여행보험비교,11,보험,72fc8838-76bb-4bca-b530-a99b7945d96f
53,보험 고민상담소,11,보험,72fc8838-76bb-4bca-b530-a99b7945d96f
59,자동차보험비교,11,보험,72fc8838-76bb-4bca-b530-a99b7945d96f
55,보험금 청구,11,보험,72fc8838-76bb-4bca-b530-a99b7945d96f
57,펫보험비교,11,보험,72fc8838-76bb-4bca-b530-a99b7945d96f
61,사업자 보험,4,사업자,72fc8838-76bb-4bca-b530-a99b7945d96f
14,Npay 머니카드,3,포인트·머니,72fc8838-76bb-4bca-b530-a99b7945d96f
29,머니 충전,3,포인트·머니,72fc8838-76bb-4bca-b530-a99b7945d96f
10,머니 내역,3,포인트·머니,72fc8838-76bb-4bca-b530-a99b7945d96f
1,예약 송금,1,송금,72fc8838-76bb-4bca-b530-a99b7945d96f
2,송금,1,송금,72fc8838-76bb-4bca-b530-a99b7945d96f
11,포인트 전환,1,송금,72fc8838-76bb-4bca-b530-a99b7945d96f
3,송금 내역,1,송금,72fc8838-76bb-4bca-b530-a99b7945d96f
74,내 종목,8,자산 관리,72fc8838-76bb-4bca-b530-a99b7945d96f
52,자동차 금융,8,자산 관리,72fc8838-76bb-4bca-b530-a99b7945d96f
54,MY CAR,8,자산 관리,72fc8838-76bb-4bca-b530-a99b7945d96f
72,해외주식,8,자산 관리,72fc8838-76bb-4bca-b530-a99b7945d96f
76,국내주식,8,자산 관리,72fc8838-76bb-4bca-b530-a99b7945d96f
4,페이상품권 선물,14,선물,72fc8838-76bb-4bca-b530-a99b7945d96f
12,포인트 선물,14,선물,72fc8838-76bb-4bca-b530-a99b7945d96f
13,머니스토리,14,선물,72fc8838-76bb-4bca-b530-a99b7945d96f
28,쿠폰,14,선물,72fc8838-76bb-4bca-b530-a99b7945d96f
40,선물함,14,선물,72fc8838-76bb-4bca-b530-a99b7945d96f
31,파킹 통장 비교,7,예적금,72fc8838-76bb-4bca-b530-a99b7945d96f
44,미래에셋 네이버통장,7,예적금,72fc8838-76bb-4bca-b530-a99b7945d96f
35,내 자산 조회,7,예적금,72fc8838-76bb-4bca-b530-a99b7945d96f
30,적금 통장 비교,7,예적금,72fc8838-76bb-4bca-b530-a99b7945d96f
71,가상자산,7,예적금,72fc8838-76bb-4bca-b530-a99b7945d96f
32,예금 통장 비교,7,예적금,72fc8838-76bb-4bca-b530-a99b7945d96f
41,MY 계좌,7,예적금,72fc8838-76bb-4bca-b530-a99b7945d96f
8,머니 통장,7,예적금,72fc8838-76bb-4bca-b530-a99b7945d96f
50,대한항공 마일지리 적립,9,편의,72fc8838-76bb-4bca-b530-a99b7945d96f
15,기업 복지,9,편의,72fc8838-76bb-4bca-b530-a99b7945d96f
43,브랜드 뽑기,9,편의,72fc8838-76bb-4bca-b530-a99b7945d96f
18,전월세대출비교,9,편의,72fc8838-76bb-4bca-b530-a99b7945d96f
70,정책지원금,9,편의,72fc8838-76bb-4bca-b530-a99b7945d96f
33,내 환급금 찾기,9,편의,72fc8838-76bb-4bca-b530-a99b7945d96f
20,주택담보대출비교,10,부동산,72fc8838-76bb-4bca-b530-a99b7945d96f
48,전세반환보증,10,부동산,72fc8838-76bb-4bca-b530-a99b7945d96f
47,우리집,10,부동산,72fc8838-76bb-4bca-b530-a99b7945d96f
51,지도로 매물찾기,10,부동산,72fc8838-76bb-4bca-b530-a99b7945d96f
49,분양정보,10,부동산,72fc8838-76bb-4bca-b530-a99b7945d96f
36,수입·지출 관리,2,고객지원,485a99ca-943a-470f-93d5-c1ff1ed84d15
60,저축보험비교,2,고객지원,485a99ca-943a-470f-93d5-c1ff1ed84d15
31,파킹 통장 비교,2,고객지원,485a99ca-943a-470f-93d5-c1ff1ed84d15
55,보험금 청구,2,고객지원,485a99ca-943a-470f-93d5-c1ff1ed84d15
38,오토·여행케어,2,고객지원,485a99ca-943a-470f-93d5-c1ff1ed84d15
73,MY 연금·IRP,2,고객지원,485a99ca-943a-470f-93d5-c1ff1ed84d15
33,내 환급금 찾기,2,고객지원,485a99ca-943a-470f-93d5-c1ff1ed84d15
67,민생회복 소비쿠폰,2,고객지원,485a99ca-943a-470f-93d5-c1ff1ed84d15
5,공지사항,2,고객지원,485a99ca-943a-470f-93d5-c1ff1ed84d15
74,내 종목,2,고객지원,485a99ca-943a-470f-93d5-c1ff1ed84d15
50,대한항공 마일지리 적립,2,고객지원,485a99ca-943a-470f-93d5-c1ff1ed84d15
13,머니스토리,2,고객지원,485a99ca-943a-470f-93d5-c1ff1ed84d15
7,고객센터,2,고객지원,485a99ca-943a-470f-93d5-c1ff1ed84d15
15,기업 복지,2,고객지원,485a99ca-943a-470f-93d5-c1ff1ed84d15
54,MY CAR,2,고객지원,485a99ca-943a-470f-93d5-c1ff1ed84d15
70,정책지원금,2,고객지원,485a99ca-943a-470f-93d5-c1ff1ed84d15
34,장기 미사용 계좌,4,사업자,485a99ca-943a-470f-93d5-c1ff1ed84d15
52,자동차 금융,4,사업자,485a99ca-943a-470f-93d5-c1ff1ed84d15
6,판매자 문의,4,사업자,485a99ca-943a-470f-93d5-c1ff1ed84d15
25,Npay biz,4,사업자,485a99ca-943a-470f-93d5-c1ff1ed84d15
17,판매·정산내역,4,사업자,485a99ca-943a-470f-93d5-c1ff1ed84d15
49,분양정보,8,자산 관리,485a99ca-943a-470f-93d5-c1ff1ed84d15
20,주택담보대출비교,8,자산 관리,485a99ca-943a-470f-93d5-c1ff1ed84d15
48,전세반환보증,8,자산 관리,485a99ca-943a-470f-93d5-c1ff1ed84d15
35,내 자산 조회,8,자산 관리,485a99ca-943a-470f-93d5-c1ff1ed84d15
76,국내주식,13,증권,485a99ca-943a-470f-93d5-c1ff1ed84d15
71,가상자산,13,증권,485a99ca-943a-470f-93d5-c1ff1ed84d15
72,해외주식,13,증권,485a99ca-943a-470f-93d5-c1ff1ed84d15
39,Npay 제휴카드 내역,12,카드,485a99ca-943a-470f-93d5-c1ff1ed84d15
64,MY 카드,12,카드,485a99ca-943a-470f-93d5-c1ff1ed84d15
68,카드 발급,12,카드,485a99ca-943a-470f-93d5-c1ff1ed84d15
14,Npay 머니카드,12,카드,485a99ca-943a-470f-93d5-c1ff1ed84d15
69,멤버십카드 추가,12,카드,485a99ca-943a-470f-93d5-c1ff1ed84d15
66,카드 이벤트,12,카드,485a99ca-943a-470f-93d5-c1ff1ed84d15
45,Npay 제휴카드,12,카드,485a99ca-943a-470f-93d5-c1ff1ed84d15
21,신용점수,12,카드,485a99ca-943a-470f-93d5-c1ff1ed84d15
3,송금 내역,1,송금,485a99ca-943a-470f-93d5-c1ff1ed84d15
62,빠른정산,1,송금,485a99ca-943a-470f-93d5-c1ff1ed84d15
2,송금,1,송금,485a99ca-943a-470f-93d5-c1ff1ed84d15
51,지도로 매물찾기,10,부동산,485a99ca-943a-470f-93d5-c1ff1ed84d15
47,우리집,10,부동산,485a99ca-943a-470f-93d5-c1ff1ed84d15
63,카드 한도조회,5,대출,485a99ca-943a-470f-93d5-c1ff1ed84d15
18,전월세대출비교,5,대출,485a99ca-943a-470f-93d5-c1ff1ed84d15
16,사업자 대출,5,대출,485a99ca-943a-470f-93d5-c1ff1ed84d15
22,MY 대출,5,대출,485a99ca-943a-470f-93d5-c1ff1ed84d15
19,신용대출비교,5,대출,485a99ca-943a-470f-93d5-c1ff1ed84d15
29,머니 충전,6,결제,485a99ca-943a-470f-93d5-c1ff1ed84d15
24,패밀리결제,6,결제,485a99ca-943a-470f-93d5-c1ff1ed84d15
65,결제 내역,6,결제,485a99ca-943a-470f-93d5-c1ff1ed84d15
26,현장결제,6,결제,485a99ca-943a-470f-93d5-c1ff1ed84d15
23,결제혜택,6,결제,485a99ca-943a-470f-93d5-c1ff1ed84d15
46,바코드 충전,6,결제,485a99ca-943a-470f-93d5-c1ff1ed84d15
27,QR촬영 결제,6,결제,485a99ca-943a-470f-93d5-c1ff1ed84d15
37,후불결제,6,결제,485a99ca-943a-470f-93d5-c1ff1ed84d15
43,브랜드 뽑기,14,선물,485a99ca-943a-470f-93d5-c1ff1ed84d15
40,선물함,14,선물,485a99ca-943a-470f-93d5-c1ff1ed84d15
1,예약 송금,9,편의,485a99ca-943a-470f-93d5-c1ff1ed84d15
42,연말정산 모의계산,9,편의,485a99ca-943a-470f-93d5-c1ff1ed84d15
75,CMA 통장 비교,7,예적금,485a99ca-943a-470f-93d5-c1ff1ed84d15
30,적금 통장 비교,7,예적금,485a99ca-943a-470f-93d5-c1ff1ed84d15
44,미래에셋 네이버통장,7,예적금,485a99ca-943a-470f-93d5-c1ff1ed84d15
41,MY 계좌,7,예적금,485a99ca-943a-470f-93d5-c1ff1ed84d15
32,예금 통장 비교,7,예적금,485a99ca-943a-470f-93d5-c1ff1ed84d15
9,포인트 내역,3,포인트·머니,485a99ca-943a-470f-93d5-c1ff1ed84d15
4,페이상품권 선물,3,포인트·머니,485a99ca-943a-470f-93d5-c1ff1ed84d15
11,포인트 전환,3,포인트·머니,485a99ca-943a-470f-93d5-c1ff1ed84d15
10,머니 내역,3,포인트·머니,485a99ca-943a-470f-93d5-c1ff1ed84d15
12,포인트 선물,3,포인트·머니,485a99ca-943a-470f-93d5-c1ff1ed84d15
8,머니 통장,3,포인트·머니,485a99ca-943a-470f-93d5-c1ff1ed84d15
28,쿠폰,3,포인트·머니,485a99ca-943a-470f-93d5-c1ff1ed84d15
53,보험 고민상담소,11,보험,485a99ca-943a-470f-93d5-c1ff1ed84d15
57,펫보험비교,11,보험,485a99ca-943a-470f-93d5-c1ff1ed84d15
61,사업자 보험,11,보험,485a99ca-943a-470f-93d5-c1ff1ed84d15
58,해외여행보험비교,11,보험,485a99ca-943a-470f-93d5-c1ff1ed84d15
56,MY 보험,11,보험,485a99ca-943a-470f-93d5-c1ff1ed84d15
59,자동차보험비교,11,보험,485a99ca-943a-470f-93d5-c1ff1ed84d15
14,Npay 머니카드,12,카드,8c754760-c518-4875-9cd3-019a1892f180
45,Npay 제휴카드,12,카드,8c754760-c518-4875-9cd3-019a1892f180
67,민생회복 소비쿠폰,12,카드,8c754760-c518-4875-9cd3-019a1892f180
39,Npay 제휴카드 내역,12,카드,8c754760-c518-4875-9cd3-019a1892f180
68,카드 발급,12,카드,8c754760-c518-4875-9cd3-019a1892f180
69,멤버십카드 추가,12,카드,8c754760-c518-4875-9cd3-019a1892f180
24,패밀리결제,12,카드,8c754760-c518-4875-9cd3-019a1892f180
63,카드 한도조회,12,카드,8c754760-c518-4875-9cd3-019a1892f180
58,해외여행보험비교,11,보험,8c754760-c518-4875-9cd3-019a1892f180
53,보험 고민상담소,11,보험,8c754760-c518-4875-9cd3-019a1892f180
60,저축보험비교,11,보험,8c754760-c518-4875-9cd3-019a1892f180
57,펫보험비교,11,보험,8c754760-c518-4875-9cd3-019a1892f180
55,보험금 청구,11,보험,8c754760-c518-4875-9cd3-019a1892f180
54,MY CAR,11,보험,8c754760-c518-4875-9cd3-019a1892f180
56,MY 보험,11,보험,8c754760-c518-4875-9cd3-019a1892f180
52,자동차 금융,11,보험,8c754760-c518-4875-9cd3-019a1892f180
38,오토·여행케어,11,보험,8c754760-c518-4875-9cd3-019a1892f180
59,자동차보험비교,11,보험,8c754760-c518-4875-9cd3-019a1892f180
44,미래에셋 네이버통장,13,증권,8c754760-c518-4875-9cd3-019a1892f180
76,국내주식,13,증권,8c754760-c518-4875-9cd3-019a1892f180
72,해외주식,13,증권,8c754760-c518-4875-9cd3-019a1892f180
74,내 종목,13,증권,8c754760-c518-4875-9cd3-019a1892f180
71,가상자산,13,증권,8c754760-c518-4875-9cd3-019a1892f180
7,고객센터,2,고객지원,8c754760-c518-4875-9cd3-019a1892f180
5,공지사항,2,고객지원,8c754760-c518-4875-9cd3-019a1892f180
6,판매자 문의,2,고객지원,8c754760-c518-4875-9cd3-019a1892f180
28,쿠폰,14,선물,8c754760-c518-4875-9cd3-019a1892f180
4,페이상품권 선물,14,선물,8c754760-c518-4875-9cd3-019a1892f180
40,선물함,14,선물,8c754760-c518-4875-9cd3-019a1892f180
12,포인트 선물,14,선물,8c754760-c518-4875-9cd3-019a1892f180
66,카드 이벤트,3,포인트·머니,8c754760-c518-4875-9cd3-019a1892f180
10,머니 내역,3,포인트·머니,8c754760-c518-4875-9cd3-019a1892f180
9,포인트 내역,3,포인트·머니,8c754760-c518-4875-9cd3-019a1892f180
50,대한항공 마일지리 적립,3,포인트·머니,8c754760-c518-4875-9cd3-019a1892f180
23,결제혜택,3,포인트·머니,8c754760-c518-4875-9cd3-019a1892f180
13,머니스토리,3,포인트·머니,8c754760-c518-4875-9cd3-019a1892f180
11,포인트 전환,3,포인트·머니,8c754760-c518-4875-9cd3-019a1892f180
29,머니 충전,3,포인트·머니,8c754760-c518-4875-9cd3-019a1892f180
37,후불결제,6,결제,8c754760-c518-4875-9cd3-019a1892f180
51,지도로 매물찾기,10,부동산,8c754760-c518-4875-9cd3-019a1892f180
48,전세반환보증,10,부동산,8c754760-c518-4875-9cd3-019a1892f180
16,사업자 대출,4,사업자,8c754760-c518-4875-9cd3-019a1892f180
43,브랜드 뽑기,4,사업자,8c754760-c518-4875-9cd3-019a1892f180
17,판매·정산내역,4,사업자,8c754760-c518-4875-9cd3-019a1892f180
61,사업자 보험,4,사업자,8c754760-c518-4875-9cd3-019a1892f180
25,Npay biz,4,사업자,8c754760-c518-4875-9cd3-019a1892f180
15,기업 복지,4,사업자,8c754760-c518-4875-9cd3-019a1892f180
22,MY 대출,5,대출,8c754760-c518-4875-9cd3-019a1892f180
20,주택담보대출비교,5,대출,8c754760-c518-4875-9cd3-019a1892f180
18,전월세대출비교,5,대출,8c754760-c518-4875-9cd3-019a1892f180
19,신용대출비교,5,대출,8c754760-c518-4875-9cd3-019a1892f180
47,우리집,8,자산 관리,8c754760-c518-4875-9cd3-019a1892f180
49,분양정보,8,자산 관리,8c754760-c518-4875-9cd3-019a1892f180
73,MY 연금·IRP,8,자산 관리,8c754760-c518-4875-9cd3-019a1892f180
1,예약 송금,1,송금,8c754760-c518-4875-9cd3-019a1892f180
3,송금 내역,1,송금,8c754760-c518-4875-9cd3-019a1892f180
2,송금,1,송금,8c754760-c518-4875-9cd3-019a1892f180
65,결제 내역,9,편의,8c754760-c518-4875-9cd3-019a1892f180
64,MY 카드,9,편의,8c754760-c518-4875-9cd3-019a1892f180
42,연말정산 모의계산,9,편의,8c754760-c518-4875-9cd3-019a1892f180
46,바코드 충전,9,편의,8c754760-c518-4875-9cd3-019a1892f180
33,내 환급금 찾기,9,편의,8c754760-c518-4875-9cd3-019a1892f180
21,신용점수,9,편의,8c754760-c518-4875-9cd3-019a1892f180
27,QR촬영 결제,9,편의,8c754760-c518-4875-9cd3-019a1892f180
26,현장결제,9,편의,8c754760-c518-4875-9cd3-019a1892f180
62,빠른정산,9,편의,8c754760-c518-4875-9cd3-019a1892f180
34,장기 미사용 계좌,7,예적금,8c754760-c518-4875-9cd3-019a1892f180
75,CMA 통장 비교,7,예적금,8c754760-c518-4875-9cd3-019a1892f180
32,예금 통장 비교,7,예적금,8c754760-c518-4875-9cd3-019a1892f180
30,적금 통장 비교,7,예적금,8c754760-c518-4875-9cd3-019a1892f180
41,MY 계좌,7,예적금,8c754760-c518-4875-9cd3-019a1892f180
8,머니 통장,7,예적금,8c754760-c518-4875-9cd3-019a1892f180
35,내 자산 조회,7,예적금,8c754760-c518-4875-9cd3-019a1892f180
36,수입·지출 관리,7,예적금,8c754760-c518-4875-9cd3-019a1892f180
70,정책지원금,7,예적금,8c754760-c518-4875-9cd3-019a1892f180
31,파킹 통장 비교,7,예적금,8c754760-c518-4875-9cd3-019a1892f180
32,예금 통장 비교,7,예적금,54c71e42-359a-444e-9efe-8a817db4a1f9
75,CMA 통장 비교,14,선물,54c71e42-359a-444e-9efe-8a817db4a1f9
74,내 종목,14,선물,54c71e42-359a-444e-9efe-8a817db4a1f9
4,페이상품권 선물,14,선물,54c71e42-359a-444e-9efe-8a817db4a1f9
71,가상자산,14,선물,54c71e42-359a-444e-9efe-8a817db4a1f9
76,국내주식,14,선물,54c71e42-359a-444e-9efe-8a817db4a1f9
31,파킹 통장 비교,14,선물,54c71e42-359a-444e-9efe-8a817db4a1f9
46,바코드 충전,14,선물,54c71e42-359a-444e-9efe-8a817db4a1f9
68,카드 발급,12,카드,54c71e42-359a-444e-9efe-8a817db4a1f9
45,Npay 제휴카드,12,카드,54c71e42-359a-444e-9efe-8a817db4a1f9
39,Npay 제휴카드 내역,12,카드,54c71e42-359a-444e-9efe-8a817db4a1f9
63,카드 한도조회,12,카드,54c71e42-359a-444e-9efe-8a817db4a1f9
66,카드 이벤트,12,카드,54c71e42-359a-444e-9efe-8a817db4a1f9
64,MY 카드,12,카드,54c71e42-359a-444e-9efe-8a817db4a1f9
14,Npay 머니카드,12,카드,54c71e42-359a-444e-9efe-8a817db4a1f9
49,분양정보,10,부동산,54c71e42-359a-444e-9efe-8a817db4a1f9
18,전월세대출비교,10,부동산,54c71e42-359a-444e-9efe-8a817db4a1f9
48,전세반환보증,10,부동산,54c71e42-359a-444e-9efe-8a817db4a1f9
47,우리집,10,부동산,54c71e42-359a-444e-9efe-8a817db4a1f9
25,Npay biz,1,송금,54c71e42-359a-444e-9efe-8a817db4a1f9
73,MY 연금·IRP,8,자산 관리,54c71e42-359a-444e-9efe-8a817db4a1f9
70,정책지원금,4,사업자,54c71e42-359a-444e-9efe-8a817db4a1f9
16,사업자 대출,4,사업자,54c71e42-359a-444e-9efe-8a817db4a1f9
9,포인트 내역,9,편의,54c71e42-359a-444e-9efe-8a817db4a1f9
11,포인트 전환,9,편의,54c71e42-359a-444e-9efe-8a817db4a1f9
34,장기 미사용 계좌,9,편의,54c71e42-359a-444e-9efe-8a817db4a1f9
43,브랜드 뽑기,9,편의,54c71e42-359a-444e-9efe-8a817db4a1f9
62,빠른정산,9,편의,54c71e42-359a-444e-9efe-8a817db4a1f9
30,적금 통장 비교,9,편의,54c71e42-359a-444e-9efe-8a817db4a1f9
15,기업 복지,9,편의,54c71e42-359a-444e-9efe-8a817db4a1f9
51,지도로 매물찾기,9,편의,54c71e42-359a-444e-9efe-8a817db4a1f9
8,머니 통장,13,증권,54c71e42-359a-444e-9efe-8a817db4a1f9
29,머니 충전,13,증권,54c71e42-359a-444e-9efe-8a817db4a1f9
72,해외주식,13,증권,54c71e42-359a-444e-9efe-8a817db4a1f9
10,머니 내역,13,증권,54c71e42-359a-444e-9efe-8a817db4a1f9
7,고객센터,2,고객지원,54c71e42-359a-444e-9efe-8a817db4a1f9
5,공지사항,2,고객지원,54c71e42-359a-444e-9efe-8a817db4a1f9
21,신용점수,2,고객지원,54c71e42-359a-444e-9efe-8a817db4a1f9
35,내 자산 조회,2,고객지원,54c71e42-359a-444e-9efe-8a817db4a1f9
17,판매·정산내역,2,고객지원,54c71e42-359a-444e-9efe-8a817db4a1f9
6,판매자 문의,2,고객지원,54c71e42-359a-444e-9efe-8a817db4a1f9
3,송금 내역,2,고객지원,54c71e42-359a-444e-9efe-8a817db4a1f9
41,MY 계좌,2,고객지원,54c71e42-359a-444e-9efe-8a817db4a1f9
40,선물함,2,고객지원,54c71e42-359a-444e-9efe-8a817db4a1f9
42,연말정산 모의계산,2,고객지원,54c71e42-359a-444e-9efe-8a817db4a1f9
54,MY CAR,2,고객지원,54c71e42-359a-444e-9efe-8a817db4a1f9
33,내 환급금 찾기,2,고객지원,54c71e42-359a-444e-9efe-8a817db4a1f9
60,저축보험비교,11,보험,54c71e42-359a-444e-9efe-8a817db4a1f9
59,자동차보험비교,11,보험,54c71e42-359a-444e-9efe-8a817db4a1f9
52,자동차 금융,11,보험,54c71e42-359a-444e-9efe-8a817db4a1f9
61,사업자 보험,11,보험,54c71e42-359a-444e-9efe-8a817db4a1f9
57,펫보험비교,11,보험,54c71e42-359a-444e-9efe-8a817db4a1f9
38,오토·여행케어,11,보험,54c71e42-359a-444e-9efe-8a817db4a1f9
56,MY 보험,11,보험,54c71e42-359a-444e-9efe-8a817db4a1f9
58,해외여행보험비교,11,보험,54c71e42-359a-444e-9efe-8a817db4a1f9
55,보험금 청구,11,보험,54c71e42-359a-444e-9efe-8a817db4a1f9
53,보험 고민상담소,11,보험,54c71e42-359a-444e-9efe-8a817db4a1f9
13,머니스토리,3,포인트·머니,54c71e42-359a-444e-9efe-8a817db4a1f9
28,쿠폰,3,포인트·머니,54c71e42-359a-444e-9efe-8a817db4a1f9
50,대한항공 마일지리 적립,3,포인트·머니,54c71e42-359a-444e-9efe-8a817db4a1f9
12,포인트 선물,3,포인트·머니,54c71e42-359a-444e-9efe-8a817db4a1f9
22,MY 대출,5,대출,54c71e42-359a-444e-9efe-8a817db4a1f9
19,신용대출비교,5,대출,54c71e42-359a-444e-9efe-8a817db4a1f9
20,주택담보대출비교,5,대출,54c71e42-359a-444e-9efe-8a817db4a1f9
36,수입·지출 관리,6,결제,54c71e42-359a-444e-9efe-8a817db4a1f9
1,예약 송금,6,결제,54c71e42-359a-444e-9efe-8a817db4a1f9
65,결제 내역,6,결제,54c71e42-359a-444e-9efe-8a817db4a1f9
37,후불결제,6,결제,54c71e42-359a-444e-9efe-8a817db4a1f9
67,민생회복 소비쿠폰,6,결제,54c71e42-359a-444e-9efe-8a817db4a1f9
44,미래에셋 네이버통장,6,결제,54c71e42-359a-444e-9efe-8a817db4a1f9
26,현장결제,6,결제,54c71e42-359a-444e-9efe-8a817db4a1f9
2,송금,6,결제,54c71e42-359a-444e-9efe-8a817db4a1f9
23,결제혜택,6,결제,54c71e42-359a-444e-9efe-8a817db4a1f9
24,패밀리결제,6,결제,54c71e42-359a-444e-9efe-8a817db4a1f9
69,멤버십카드 추가,6,결제,54c71e42-359a-444e-9efe-8a817db4a1f9
27,QR촬영 결제,6,결제,54c71e42-359a-444e-9efe-8a817db4a1f9
